initial_condition_file, forward_model_input_file
inputs/initial_conditions/random/red_1.0m/random_red_1.0m_80113728.npy,inputs/steady_state/forward_model_inputs.csv
inputs/initial_conditions/random/red_1.0m/random_red_1.0m_70.npy,inputs/steady_state/forward_model_inputs.csv
inputs/initial_conditions/random/red_1.0m/random_red_1.0m_16.npy,inputs/steady_state/forward_model_inputs.csv
inputs/initial_conditions/random/red_1.0m/random_red_1.0m_907875.npy,inputs/steady_state/forward_model_inputs.csv
inputs/initial_conditions/random/red_1.0m/random_red_1.0m_88088935.npy,inputs/steady_state/forward_model_inputs.csv
inputs/initial_conditions/random/red_1.0m/random_red_1.0m_59970833.npy,inputs/steady_state/forward_model_inputs.csv
inputs/initial_conditions/random/red_1.0m/random_red_1.0m_60521878.npy,inputs/steady_state/forward_model_inputs.csv
inputs/initial_conditions/random/red_1.0m/random_red_1.0m_56500926.npy,inputs/steady_state/forward_model_inputs.csv
inputs/initial_conditions/random/red_1.0m/random_red_1.0m_53539185.npy,inputs/steady_state/forward_model_inputs.csv
inputs/initial_conditions/random/red_1.0m/random_red_1.0m_52573849.npy,inputs/steady_state/forward_model_inputs.csv
inputs/initial_conditions/random/red_1.0m/random_red_1.0m_21028500.npy,inputs/steady_state/forward_model_inputs.csv
inputs/initial_conditions/random/red_1.0m/random_red_1.0m_88738341.npy,inputs/steady_state/forward_model_inputs.csv
inputs/initial_conditions/random/red_1.0m/random_red_1.0m_81707999.npy,inputs/steady_state/forward_model_inputs.csv
inputs/initial_conditions/random/red_1.0m/random_red_1.0m_67053205.npy,inputs/steady_state/forward_model_inputs.csv
inputs/initial_conditions/random/red_1.0m/random_red_1.0m_37294663.npy,inputs/steady_state/forward_model_inputs.csv
inputs/initial_conditions/random/red_1.0m/random_red_1.0m_66869994.npy,inputs/steady_state/forward_model_inputs.csv
inputs/initial_conditions/random/red_1.0m/random_red_1.0m_81191020.npy,inputs/steady_state/forward_model_inputs.csv
inputs/initial_conditions/random/red_1.0m/random_red_1.0m_66806452.npy,inputs/steady_state/forward_model_inputs.csv
inputs/initial_conditions/random/red_1.0m/random_red_1.0m_85880137.npy,inputs/steady_state/forward_model_inputs.csv
inputs/initial_conditions/random/red_1.0m/random_red_1.0m_83747903.npy,inputs/steady_state/forward_model_inputs.csv
inputs/initial_conditions/random/red_1.0m/random_red_1.0m_18485481.npy,inputs/steady_state/forward_model_inputs.csv
inputs/initial_conditions/random/red_1.0m/random_red_1.0m_66.npy,inputs/steady_state/forward_model_inputs.csv
inputs/initial_conditions/random/red_1.0m/random_red_1.0m_85138512.npy,inputs/steady_state/forward_model_inputs.csv
inputs/initial_conditions/random/red_1.0m/random_red_1.0m_25019455.npy,inputs/steady_state/forward_model_inputs.csv
inputs/initial_conditions/random/red_1.0m/random_red_1.0m_22303166.npy,inputs/steady_state/forward_model_inputs.csv
inputs/initial_conditions/random/red_1.0m/random_red_1.0m_32253178.npy,inputs/steady_state/forward_model_inputs.csv
inputs/initial_conditions/random/red_1.0m/random_red_1.0m_60091221.npy,inputs/steady_state/forward_model_inputs.csv
inputs/initial_conditions/random/red_1.0m/random_red_1.0m_14668470.npy,inputs/steady_state/forward_model_inputs.csv
inputs/initial_conditions/random/red_1.0m/random_red_1.0m_73114218.npy,inputs/steady_state/forward_model_inputs.csv
inputs/initial_conditions/random/red_1.0m/random_red_1.0m_7.npy,inputs/steady_state/forward_model_inputs.csv
inputs/initial_conditions/random/red_1.0m/random_red_1.0m_3090555.npy,inputs/steady_state/forward_model_inputs.csv
inputs/initial_conditions/random/red_1.0m/random_red_1.0m_44721952.npy,inputs/steady_state/forward_model_inputs.csv
inputs/initial_conditions/random/red_1.0m/random_red_1.0m_88928416.npy,inputs/steady_state/forward_model_inputs.csv
inputs/initial_conditions/random/red_1.0m/random_red_1.0m_80399981.npy,inputs/steady_state/forward_model_inputs.csv
inputs/initial_conditions/random/red_1.0m/random_red_1.0m_28091617.npy,inputs/steady_state/forward_model_inputs.csv
inputs/initial_conditions/random/red_1.0m/random_red_1.0m_84658498.npy,inputs/steady_state/forward_model_inputs.csv
inputs/initial_conditions/random/red_1.0m/random_red_1.0m_65610961.npy,inputs/steady_state/forward_model_inputs.csv
inputs/initial_conditions/random/red_1.0m/random_red_1.0m_44859624.npy,inputs/steady_state/forward_model_inputs.csv
inputs/initial_conditions/random/red_1.0m/random_red_1.0m_16466531.npy,inputs/steady_state/forward_model_inputs.csv
inputs/initial_conditions/random/red_1.0m/random_red_1.0m_32667160.npy,inputs/steady_state/forward_model_inputs.csv
inputs/initial_conditions/random/red_1.0m/random_red_1.0m_12140033.npy,inputs/steady_state/forward_model_inputs.csv
inputs/initial_conditions/random/red_1.0m/random_red_1.0m_25901282.npy,inputs/steady_state/forward_model_inputs.csv
inputs/initial_conditions/random/red_1.0m/random_red_1.0m_66742699.npy,inputs/steady_state/forward_model_inputs.csv
inputs/initial_conditions/random/red_1.0m/random_red_1.0m_88146656.npy,inputs/steady_state/forward_model_inputs.csv
inputs/initial_conditions/random/red_1.0m/random_red_1.0m_5445719.npy,inputs/steady_state/forward_model_inputs.csv
inputs/initial_conditions/random/red_1.0m/random_red_1.0m_26729747.npy,inputs/steady_state/forward_model_inputs.csv
inputs/initial_conditions/random/red_1.0m/random_red_1.0m_24.npy,inputs/steady_state/forward_model_inputs.csv
inputs/initial_conditions/random/red_1.0m/random_red_1.0m_87.npy,inputs/steady_state/forward_model_inputs.csv
inputs/initial_conditions/random/red_1.0m/random_red_1.0m_70529946.npy,inputs/steady_state/forward_model_inputs.csv
inputs/initial_conditions/random/red_1.0m/random_red_1.0m_38586987.npy,inputs/steady_state/forward_model_inputs.csv
inputs/initial_conditions/random/red_1.0m/random_red_1.0m_23231086.npy,inputs/steady_state/forward_model_inputs.csv
inputs/initial_conditions/random/red_1.0m/random_red_1.0m_89084469.npy,inputs/steady_state/forward_model_inputs.csv
inputs/initial_conditions/random/red_1.0m/random_red_1.0m_17811500.npy,inputs/steady_state/forward_model_inputs.csv
inputs/initial_conditions/random/red_1.0m/random_red_1.0m_58223733.npy,inputs/steady_state/forward_model_inputs.csv
inputs/initial_conditions/random/red_1.0m/random_red_1.0m_88979312.npy,inputs/steady_state/forward_model_inputs.csv
inputs/initial_conditions/random/red_1.0m/random_red_1.0m_62104101.npy,inputs/steady_state/forward_model_inputs.csv
inputs/initial_conditions/random/red_1.0m/random_red_1.0m_50511175.npy,inputs/steady_state/forward_model_inputs.csv
inputs/initial_conditions/random/red_1.0m/random_red_1.0m_90247665.npy,inputs/steady_state/forward_model_inputs.csv
inputs/initial_conditions/random/red_1.0m/random_red_1.0m_72915012.npy,inputs/steady_state/forward_model_inputs.csv
inputs/initial_conditions/random/red_1.0m/random_red_1.0m_77.npy,inputs/steady_state/forward_model_inputs.csv
inputs/initial_conditions/random/red_1.0m/random_red_1.0m_42277260.npy,inputs/steady_state/forward_model_inputs.csv
inputs/initial_conditions/random/red_1.0m/random_red_1.0m_20807690.npy,inputs/steady_state/forward_model_inputs.csv
inputs/initial_conditions/random/red_1.0m/random_red_1.0m_68857389.npy,inputs/steady_state/forward_model_inputs.csv
inputs/initial_conditions/random/red_1.0m/random_red_1.0m_68144751.npy,inputs/steady_state/forward_model_inputs.csv
inputs/initial_conditions/random/red_1.0m/random_red_1.0m_54307562.npy,inputs/steady_state/forward_model_inputs.csv
inputs/initial_conditions/random/red_1.0m/random_red_1.0m_5047989.npy,inputs/steady_state/forward_model_inputs.csv
inputs/initial_conditions/random/red_1.0m/random_red_1.0m_11774115.npy,inputs/steady_state/forward_model_inputs.csv
inputs/initial_conditions/random/red_1.0m/random_red_1.0m_78458062.npy,inputs/steady_state/forward_model_inputs.csv
inputs/initial_conditions/random/red_1.0m/random_red_1.0m_14875651.npy,inputs/steady_state/forward_model_inputs.csv
inputs/initial_conditions/random/red_1.0m/random_red_1.0m_29.npy,inputs/steady_state/forward_model_inputs.csv
inputs/initial_conditions/random/red_1.0m/random_red_1.0m_19535608.npy,inputs/steady_state/forward_model_inputs.csv
inputs/initial_conditions/random/red_1.0m/random_red_1.0m_75661924.npy,inputs/steady_state/forward_model_inputs.csv
inputs/initial_conditions/random/red_1.0m/random_red_1.0m_85585238.npy,inputs/steady_state/forward_model_inputs.csv
inputs/initial_conditions/random/red_1.0m/random_red_1.0m_92061389.npy,inputs/steady_state/forward_model_inputs.csv
inputs/initial_conditions/random/red_1.0m/random_red_1.0m_28.npy,inputs/steady_state/forward_model_inputs.csv
inputs/initial_conditions/random/red_1.0m/random_red_1.0m_45234608.npy,inputs/steady_state/forward_model_inputs.csv
inputs/initial_conditions/random/red_1.0m/random_red_1.0m_81385796.npy,inputs/steady_state/forward_model_inputs.csv
inputs/initial_conditions/random/red_1.0m/random_red_1.0m_9288178.npy,inputs/steady_state/forward_model_inputs.csv
inputs/initial_conditions/random/red_1.0m/random_red_1.0m_33291371.npy,inputs/steady_state/forward_model_inputs.csv
inputs/initial_conditions/random/red_1.0m/random_red_1.0m_86272472.npy,inputs/steady_state/forward_model_inputs.csv
inputs/initial_conditions/random/red_1.0m/random_red_1.0m_54528773.npy,inputs/steady_state/forward_model_inputs.csv
inputs/initial_conditions/random/red_1.0m/random_red_1.0m_40863098.npy,inputs/steady_state/forward_model_inputs.csv
inputs/initial_conditions/random/red_1.0m/random_red_1.0m_13173499.npy,inputs/steady_state/forward_model_inputs.csv
inputs/initial_conditions/random/red_1.0m/random_red_1.0m_7955152.npy,inputs/steady_state/forward_model_inputs.csv
inputs/initial_conditions/random/red_1.0m/random_red_1.0m_9378558.npy,inputs/steady_state/forward_model_inputs.csv
inputs/initial_conditions/random/red_1.0m/random_red_1.0m_49953935.npy,inputs/steady_state/forward_model_inputs.csv
inputs/initial_conditions/random/red_1.0m/random_red_1.0m_83373710.npy,inputs/steady_state/forward_model_inputs.csv
inputs/initial_conditions/random/red_1.0m/random_red_1.0m_19374575.npy,inputs/steady_state/forward_model_inputs.csv
inputs/initial_conditions/random/red_1.0m/random_red_1.0m_4725622.npy,inputs/steady_state/forward_model_inputs.csv
inputs/initial_conditions/random/red_1.0m/random_red_1.0m_63569373.npy,inputs/steady_state/forward_model_inputs.csv
inputs/initial_conditions/random/red_1.0m/random_red_1.0m_58431048.npy,inputs/steady_state/forward_model_inputs.csv
inputs/initial_conditions/random/red_1.0m/random_red_1.0m_81167540.npy,inputs/steady_state/forward_model_inputs.csv
inputs/initial_conditions/random/red_1.0m/random_red_1.0m_23964336.npy,inputs/steady_state/forward_model_inputs.csv
inputs/initial_conditions/random/red_1.0m/random_red_1.0m_26807635.npy,inputs/steady_state/forward_model_inputs.csv
inputs/initial_conditions/random/red_1.0m/random_red_1.0m_28382780.npy,inputs/steady_state/forward_model_inputs.csv
inputs/initial_conditions/random/red_1.0m/random_red_1.0m_19000162.npy,inputs/steady_state/forward_model_inputs.csv
inputs/initial_conditions/random/red_1.0m/random_red_1.0m_91086612.npy,inputs/steady_state/forward_model_inputs.csv
inputs/initial_conditions/random/red_1.0m/random_red_1.0m_15248361.npy,inputs/steady_state/forward_model_inputs.csv
inputs/initial_conditions/random/red_1.0m/random_red_1.0m_26554149.npy,inputs/steady_state/forward_model_inputs.csv
inputs/initial_conditions/random/red_1.0m/random_red_1.0m_1178582.npy,inputs/steady_state/forward_model_inputs.csv
inputs/initial_conditions/random/white_1.0m/random_white_1.0m_80113728.npy,inputs/steady_state/forward_model_inputs.csv
inputs/initial_conditions/random/white_1.0m/random_white_1.0m_70.npy,inputs/steady_state/forward_model_inputs.csv
inputs/initial_conditions/random/white_1.0m/random_white_1.0m_16.npy,inputs/steady_state/forward_model_inputs.csv
inputs/initial_conditions/random/white_1.0m/random_white_1.0m_907875.npy,inputs/steady_state/forward_model_inputs.csv
inputs/initial_conditions/random/white_1.0m/random_white_1.0m_88088935.npy,inputs/steady_state/forward_model_inputs.csv
inputs/initial_conditions/random/white_1.0m/random_white_1.0m_59970833.npy,inputs/steady_state/forward_model_inputs.csv
inputs/initial_conditions/random/white_1.0m/random_white_1.0m_60521878.npy,inputs/steady_state/forward_model_inputs.csv
inputs/initial_conditions/random/white_1.0m/random_white_1.0m_56500926.npy,inputs/steady_state/forward_model_inputs.csv
inputs/initial_conditions/random/white_1.0m/random_white_1.0m_53539185.npy,inputs/steady_state/forward_model_inputs.csv
inputs/initial_conditions/random/white_1.0m/random_white_1.0m_52573849.npy,inputs/steady_state/forward_model_inputs.csv
inputs/initial_conditions/random/white_1.0m/random_white_1.0m_21028500.npy,inputs/steady_state/forward_model_inputs.csv
inputs/initial_conditions/random/white_1.0m/random_white_1.0m_88738341.npy,inputs/steady_state/forward_model_inputs.csv
inputs/initial_conditions/random/white_1.0m/random_white_1.0m_81707999.npy,inputs/steady_state/forward_model_inputs.csv
inputs/initial_conditions/random/white_1.0m/random_white_1.0m_67053205.npy,inputs/steady_state/forward_model_inputs.csv
inputs/initial_conditions/random/white_1.0m/random_white_1.0m_37294663.npy,inputs/steady_state/forward_model_inputs.csv
inputs/initial_conditions/random/white_1.0m/random_white_1.0m_66869994.npy,inputs/steady_state/forward_model_inputs.csv
inputs/initial_conditions/random/white_1.0m/random_white_1.0m_81191020.npy,inputs/steady_state/forward_model_inputs.csv
inputs/initial_conditions/random/white_1.0m/random_white_1.0m_66806452.npy,inputs/steady_state/forward_model_inputs.csv
inputs/initial_conditions/random/white_1.0m/random_white_1.0m_85880137.npy,inputs/steady_state/forward_model_inputs.csv
inputs/initial_conditions/random/white_1.0m/random_white_1.0m_83747903.npy,inputs/steady_state/forward_model_inputs.csv
inputs/initial_conditions/random/white_1.0m/random_white_1.0m_18485481.npy,inputs/steady_state/forward_model_inputs.csv
inputs/initial_conditions/random/white_1.0m/random_white_1.0m_66.npy,inputs/steady_state/forward_model_inputs.csv
inputs/initial_conditions/random/white_1.0m/random_white_1.0m_85138512.npy,inputs/steady_state/forward_model_inputs.csv
inputs/initial_conditions/random/white_1.0m/random_white_1.0m_25019455.npy,inputs/steady_state/forward_model_inputs.csv
inputs/initial_conditions/random/white_1.0m/random_white_1.0m_22303166.npy,inputs/steady_state/forward_model_inputs.csv
inputs/initial_conditions/random/white_1.0m/random_white_1.0m_32253178.npy,inputs/steady_state/forward_model_inputs.csv
inputs/initial_conditions/random/white_1.0m/random_white_1.0m_60091221.npy,inputs/steady_state/forward_model_inputs.csv
inputs/initial_conditions/random/white_1.0m/random_white_1.0m_14668470.npy,inputs/steady_state/forward_model_inputs.csv
inputs/initial_conditions/random/white_1.0m/random_white_1.0m_73114218.npy,inputs/steady_state/forward_model_inputs.csv
inputs/initial_conditions/random/white_1.0m/random_white_1.0m_7.npy,inputs/steady_state/forward_model_inputs.csv
inputs/initial_conditions/random/white_1.0m/random_white_1.0m_3090555.npy,inputs/steady_state/forward_model_inputs.csv
inputs/initial_conditions/random/white_1.0m/random_white_1.0m_44721952.npy,inputs/steady_state/forward_model_inputs.csv
inputs/initial_conditions/random/white_1.0m/random_white_1.0m_88928416.npy,inputs/steady_state/forward_model_inputs.csv
inputs/initial_conditions/random/white_1.0m/random_white_1.0m_80399981.npy,inputs/steady_state/forward_model_inputs.csv
inputs/initial_conditions/random/white_1.0m/random_white_1.0m_28091617.npy,inputs/steady_state/forward_model_inputs.csv
inputs/initial_conditions/random/white_1.0m/random_white_1.0m_84658498.npy,inputs/steady_state/forward_model_inputs.csv
inputs/initial_conditions/random/white_1.0m/random_white_1.0m_65610961.npy,inputs/steady_state/forward_model_inputs.csv
inputs/initial_conditions/random/white_1.0m/random_white_1.0m_44859624.npy,inputs/steady_state/forward_model_inputs.csv
inputs/initial_conditions/random/white_1.0m/random_white_1.0m_16466531.npy,inputs/steady_state/forward_model_inputs.csv
inputs/initial_conditions/random/white_1.0m/random_white_1.0m_32667160.npy,inputs/steady_state/forward_model_inputs.csv
inputs/initial_conditions/random/white_1.0m/random_white_1.0m_12140033.npy,inputs/steady_state/forward_model_inputs.csv
inputs/initial_conditions/random/white_1.0m/random_white_1.0m_25901282.npy,inputs/steady_state/forward_model_inputs.csv
inputs/initial_conditions/random/white_1.0m/random_white_1.0m_66742699.npy,inputs/steady_state/forward_model_inputs.csv
inputs/initial_conditions/random/white_1.0m/random_white_1.0m_88146656.npy,inputs/steady_state/forward_model_inputs.csv
inputs/initial_conditions/random/white_1.0m/random_white_1.0m_5445719.npy,inputs/steady_state/forward_model_inputs.csv
inputs/initial_conditions/random/white_1.0m/random_white_1.0m_26729747.npy,inputs/steady_state/forward_model_inputs.csv
inputs/initial_conditions/random/white_1.0m/random_white_1.0m_24.npy,inputs/steady_state/forward_model_inputs.csv
inputs/initial_conditions/random/white_1.0m/random_white_1.0m_87.npy,inputs/steady_state/forward_model_inputs.csv
inputs/initial_conditions/random/white_1.0m/random_white_1.0m_70529946.npy,inputs/steady_state/forward_model_inputs.csv
inputs/initial_conditions/random/white_1.0m/random_white_1.0m_38586987.npy,inputs/steady_state/forward_model_inputs.csv
inputs/initial_conditions/random/white_1.0m/random_white_1.0m_23231086.npy,inputs/steady_state/forward_model_inputs.csv
inputs/initial_conditions/random/white_1.0m/random_white_1.0m_89084469.npy,inputs/steady_state/forward_model_inputs.csv
inputs/initial_conditions/random/white_1.0m/random_white_1.0m_17811500.npy,inputs/steady_state/forward_model_inputs.csv
inputs/initial_conditions/random/white_1.0m/random_white_1.0m_58223733.npy,inputs/steady_state/forward_model_inputs.csv
inputs/initial_conditions/random/white_1.0m/random_white_1.0m_88979312.npy,inputs/steady_state/forward_model_inputs.csv
inputs/initial_conditions/random/white_1.0m/random_white_1.0m_62104101.npy,inputs/steady_state/forward_model_inputs.csv
inputs/initial_conditions/random/white_1.0m/random_white_1.0m_50511175.npy,inputs/steady_state/forward_model_inputs.csv
inputs/initial_conditions/random/white_1.0m/random_white_1.0m_90247665.npy,inputs/steady_state/forward_model_inputs.csv
inputs/initial_conditions/random/white_1.0m/random_white_1.0m_72915012.npy,inputs/steady_state/forward_model_inputs.csv
inputs/initial_conditions/random/white_1.0m/random_white_1.0m_77.npy,inputs/steady_state/forward_model_inputs.csv
inputs/initial_conditions/random/white_1.0m/random_white_1.0m_42277260.npy,inputs/steady_state/forward_model_inputs.csv
inputs/initial_conditions/random/white_1.0m/random_white_1.0m_20807690.npy,inputs/steady_state/forward_model_inputs.csv
inputs/initial_conditions/random/white_1.0m/random_white_1.0m_68857389.npy,inputs/steady_state/forward_model_inputs.csv
inputs/initial_conditions/random/white_1.0m/random_white_1.0m_68144751.npy,inputs/steady_state/forward_model_inputs.csv
inputs/initial_conditions/random/white_1.0m/random_white_1.0m_54307562.npy,inputs/steady_state/forward_model_inputs.csv
inputs/initial_conditions/random/white_1.0m/random_white_1.0m_5047989.npy,inputs/steady_state/forward_model_inputs.csv
inputs/initial_conditions/random/white_1.0m/random_white_1.0m_11774115.npy,inputs/steady_state/forward_model_inputs.csv
inputs/initial_conditions/random/white_1.0m/random_white_1.0m_78458062.npy,inputs/steady_state/forward_model_inputs.csv
inputs/initial_conditions/random/white_1.0m/random_white_1.0m_14875651.npy,inputs/steady_state/forward_model_inputs.csv
inputs/initial_conditions/random/white_1.0m/random_white_1.0m_29.npy,inputs/steady_state/forward_model_inputs.csv
inputs/initial_conditions/random/white_1.0m/random_white_1.0m_19535608.npy,inputs/steady_state/forward_model_inputs.csv
inputs/initial_conditions/random/white_1.0m/random_white_1.0m_75661924.npy,inputs/steady_state/forward_model_inputs.csv
inputs/initial_conditions/random/white_1.0m/random_white_1.0m_85585238.npy,inputs/steady_state/forward_model_inputs.csv
inputs/initial_conditions/random/white_1.0m/random_white_1.0m_92061389.npy,inputs/steady_state/forward_model_inputs.csv
inputs/initial_conditions/random/white_1.0m/random_white_1.0m_28.npy,inputs/steady_state/forward_model_inputs.csv
inputs/initial_conditions/random/white_1.0m/random_white_1.0m_45234608.npy,inputs/steady_state/forward_model_inputs.csv
inputs/initial_conditions/random/white_1.0m/random_white_1.0m_81385796.npy,inputs/steady_state/forward_model_inputs.csv
inputs/initial_conditions/random/white_1.0m/random_white_1.0m_9288178.npy,inputs/steady_state/forward_model_inputs.csv
inputs/initial_conditions/random/white_1.0m/random_white_1.0m_33291371.npy,inputs/steady_state/forward_model_inputs.csv
inputs/initial_conditions/random/white_1.0m/random_white_1.0m_86272472.npy,inputs/steady_state/forward_model_inputs.csv
inputs/initial_conditions/random/white_1.0m/random_white_1.0m_54528773.npy,inputs/steady_state/forward_model_inputs.csv
inputs/initial_conditions/random/white_1.0m/random_white_1.0m_40863098.npy,inputs/steady_state/forward_model_inputs.csv
inputs/initial_conditions/random/white_1.0m/random_white_1.0m_13173499.npy,inputs/steady_state/forward_model_inputs.csv
inputs/initial_conditions/random/white_1.0m/random_white_1.0m_7955152.npy,inputs/steady_state/forward_model_inputs.csv
inputs/initial_conditions/random/white_1.0m/random_white_1.0m_9378558.npy,inputs/steady_state/forward_model_inputs.csv
inputs/initial_conditions/random/white_1.0m/random_white_1.0m_49953935.npy,inputs/steady_state/forward_model_inputs.csv
inputs/initial_conditions/random/white_1.0m/random_white_1.0m_83373710.npy,inputs/steady_state/forward_model_inputs.csv
inputs/initial_conditions/random/white_1.0m/random_white_1.0m_19374575.npy,inputs/steady_state/forward_model_inputs.csv
inputs/initial_conditions/random/white_1.0m/random_white_1.0m_4725622.npy,inputs/steady_state/forward_model_inputs.csv
inputs/initial_conditions/random/white_1.0m/random_white_1.0m_63569373.npy,inputs/steady_state/forward_model_inputs.csv
inputs/initial_conditions/random/white_1.0m/random_white_1.0m_58431048.npy,inputs/steady_state/forward_model_inputs.csv
inputs/initial_conditions/random/white_1.0m/random_white_1.0m_81167540.npy,inputs/steady_state/forward_model_inputs.csv
inputs/initial_conditions/random/white_1.0m/random_white_1.0m_23964336.npy,inputs/steady_state/forward_model_inputs.csv
inputs/initial_conditions/random/white_1.0m/random_white_1.0m_26807635.npy,inputs/steady_state/forward_model_inputs.csv
inputs/initial_conditions/random/white_1.0m/random_white_1.0m_28382780.npy,inputs/steady_state/forward_model_inputs.csv
inputs/initial_conditions/random/white_1.0m/random_white_1.0m_19000162.npy,inputs/steady_state/forward_model_inputs.csv
inputs/initial_conditions/random/white_1.0m/random_white_1.0m_91086612.npy,inputs/steady_state/forward_model_inputs.csv
inputs/initial_conditions/random/white_1.0m/random_white_1.0m_15248361.npy,inputs/steady_state/forward_model_inputs.csv
inputs/initial_conditions/random/white_1.0m/random_white_1.0m_26554149.npy,inputs/steady_state/forward_model_inputs.csv
inputs/initial_conditions/random/white_1.0m/random_white_1.0m_1178582.npy,inputs/steady_state/forward_model_inputs.csv
inputs/initial_conditions/random/blue_1.0m/random_blue_1.0m_80113728.npy,inputs/steady_state/forward_model_inputs.csv
inputs/initial_conditions/random/blue_1.0m/random_blue_1.0m_70.npy,inputs/steady_state/forward_model_inputs.csv
inputs/initial_conditions/random/blue_1.0m/random_blue_1.0m_16.npy,inputs/steady_state/forward_model_inputs.csv
inputs/initial_conditions/random/blue_1.0m/random_blue_1.0m_907875.npy,inputs/steady_state/forward_model_inputs.csv
inputs/initial_conditions/random/blue_1.0m/random_blue_1.0m_88088935.npy,inputs/steady_state/forward_model_inputs.csv
inputs/initial_conditions/random/blue_1.0m/random_blue_1.0m_59970833.npy,inputs/steady_state/forward_model_inputs.csv
inputs/initial_conditions/random/blue_1.0m/random_blue_1.0m_60521878.npy,inputs/steady_state/forward_model_inputs.csv
inputs/initial_conditions/random/blue_1.0m/random_blue_1.0m_56500926.npy,inputs/steady_state/forward_model_inputs.csv
inputs/initial_conditions/random/blue_1.0m/random_blue_1.0m_53539185.npy,inputs/steady_state/forward_model_inputs.csv
inputs/initial_conditions/random/blue_1.0m/random_blue_1.0m_52573849.npy,inputs/steady_state/forward_model_inputs.csv
inputs/initial_conditions/random/blue_1.0m/random_blue_1.0m_21028500.npy,inputs/steady_state/forward_model_inputs.csv
inputs/initial_conditions/random/blue_1.0m/random_blue_1.0m_88738341.npy,inputs/steady_state/forward_model_inputs.csv
inputs/initial_conditions/random/blue_1.0m/random_blue_1.0m_81707999.npy,inputs/steady_state/forward_model_inputs.csv
inputs/initial_conditions/random/blue_1.0m/random_blue_1.0m_67053205.npy,inputs/steady_state/forward_model_inputs.csv
inputs/initial_conditions/random/blue_1.0m/random_blue_1.0m_37294663.npy,inputs/steady_state/forward_model_inputs.csv
inputs/initial_conditions/random/blue_1.0m/random_blue_1.0m_66869994.npy,inputs/steady_state/forward_model_inputs.csv
inputs/initial_conditions/random/blue_1.0m/random_blue_1.0m_81191020.npy,inputs/steady_state/forward_model_inputs.csv
inputs/initial_conditions/random/blue_1.0m/random_blue_1.0m_66806452.npy,inputs/steady_state/forward_model_inputs.csv
inputs/initial_conditions/random/blue_1.0m/random_blue_1.0m_85880137.npy,inputs/steady_state/forward_model_inputs.csv
inputs/initial_conditions/random/blue_1.0m/random_blue_1.0m_83747903.npy,inputs/steady_state/forward_model_inputs.csv
inputs/initial_conditions/random/blue_1.0m/random_blue_1.0m_18485481.npy,inputs/steady_state/forward_model_inputs.csv
inputs/initial_conditions/random/blue_1.0m/random_blue_1.0m_66.npy,inputs/steady_state/forward_model_inputs.csv
inputs/initial_conditions/random/blue_1.0m/random_blue_1.0m_85138512.npy,inputs/steady_state/forward_model_inputs.csv
inputs/initial_conditions/random/blue_1.0m/random_blue_1.0m_25019455.npy,inputs/steady_state/forward_model_inputs.csv
inputs/initial_conditions/random/blue_1.0m/random_blue_1.0m_22303166.npy,inputs/steady_state/forward_model_inputs.csv
inputs/initial_conditions/random/blue_1.0m/random_blue_1.0m_32253178.npy,inputs/steady_state/forward_model_inputs.csv
inputs/initial_conditions/random/blue_1.0m/random_blue_1.0m_60091221.npy,inputs/steady_state/forward_model_inputs.csv
inputs/initial_conditions/random/blue_1.0m/random_blue_1.0m_14668470.npy,inputs/steady_state/forward_model_inputs.csv
inputs/initial_conditions/random/blue_1.0m/random_blue_1.0m_73114218.npy,inputs/steady_state/forward_model_inputs.csv
inputs/initial_conditions/random/blue_1.0m/random_blue_1.0m_7.npy,inputs/steady_state/forward_model_inputs.csv
inputs/initial_conditions/random/blue_1.0m/random_blue_1.0m_3090555.npy,inputs/steady_state/forward_model_inputs.csv
inputs/initial_conditions/random/blue_1.0m/random_blue_1.0m_44721952.npy,inputs/steady_state/forward_model_inputs.csv
inputs/initial_conditions/random/blue_1.0m/random_blue_1.0m_88928416.npy,inputs/steady_state/forward_model_inputs.csv
inputs/initial_conditions/random/blue_1.0m/random_blue_1.0m_80399981.npy,inputs/steady_state/forward_model_inputs.csv
inputs/initial_conditions/random/blue_1.0m/random_blue_1.0m_28091617.npy,inputs/steady_state/forward_model_inputs.csv
inputs/initial_conditions/random/blue_1.0m/random_blue_1.0m_84658498.npy,inputs/steady_state/forward_model_inputs.csv
inputs/initial_conditions/random/blue_1.0m/random_blue_1.0m_65610961.npy,inputs/steady_state/forward_model_inputs.csv
inputs/initial_conditions/random/blue_1.0m/random_blue_1.0m_44859624.npy,inputs/steady_state/forward_model_inputs.csv
inputs/initial_conditions/random/blue_1.0m/random_blue_1.0m_16466531.npy,inputs/steady_state/forward_model_inputs.csv
inputs/initial_conditions/random/blue_1.0m/random_blue_1.0m_32667160.npy,inputs/steady_state/forward_model_inputs.csv
inputs/initial_conditions/random/blue_1.0m/random_blue_1.0m_12140033.npy,inputs/steady_state/forward_model_inputs.csv
inputs/initial_conditions/random/blue_1.0m/random_blue_1.0m_25901282.npy,inputs/steady_state/forward_model_inputs.csv
inputs/initial_conditions/random/blue_1.0m/random_blue_1.0m_66742699.npy,inputs/steady_state/forward_model_inputs.csv
inputs/initial_conditions/random/blue_1.0m/random_blue_1.0m_88146656.npy,inputs/steady_state/forward_model_inputs.csv
inputs/initial_conditions/random/blue_1.0m/random_blue_1.0m_5445719.npy,inputs/steady_state/forward_model_inputs.csv
inputs/initial_conditions/random/blue_1.0m/random_blue_1.0m_26729747.npy,inputs/steady_state/forward_model_inputs.csv
inputs/initial_conditions/random/blue_1.0m/random_blue_1.0m_24.npy,inputs/steady_state/forward_model_inputs.csv
inputs/initial_conditions/random/blue_1.0m/random_blue_1.0m_87.npy,inputs/steady_state/forward_model_inputs.csv
inputs/initial_conditions/random/blue_1.0m/random_blue_1.0m_70529946.npy,inputs/steady_state/forward_model_inputs.csv
inputs/initial_conditions/random/blue_1.0m/random_blue_1.0m_38586987.npy,inputs/steady_state/forward_model_inputs.csv
inputs/initial_conditions/random/blue_1.0m/random_blue_1.0m_23231086.npy,inputs/steady_state/forward_model_inputs.csv
inputs/initial_conditions/random/blue_1.0m/random_blue_1.0m_89084469.npy,inputs/steady_state/forward_model_inputs.csv
inputs/initial_conditions/random/blue_1.0m/random_blue_1.0m_17811500.npy,inputs/steady_state/forward_model_inputs.csv
inputs/initial_conditions/random/blue_1.0m/random_blue_1.0m_58223733.npy,inputs/steady_state/forward_model_inputs.csv
inputs/initial_conditions/random/blue_1.0m/random_blue_1.0m_88979312.npy,inputs/steady_state/forward_model_inputs.csv
inputs/initial_conditions/random/blue_1.0m/random_blue_1.0m_62104101.npy,inputs/steady_state/forward_model_inputs.csv
inputs/initial_conditions/random/blue_1.0m/random_blue_1.0m_50511175.npy,inputs/steady_state/forward_model_inputs.csv
inputs/initial_conditions/random/blue_1.0m/random_blue_1.0m_90247665.npy,inputs/steady_state/forward_model_inputs.csv
inputs/initial_conditions/random/blue_1.0m/random_blue_1.0m_72915012.npy,inputs/steady_state/forward_model_inputs.csv
inputs/initial_conditions/random/blue_1.0m/random_blue_1.0m_77.npy,inputs/steady_state/forward_model_inputs.csv
inputs/initial_conditions/random/blue_1.0m/random_blue_1.0m_42277260.npy,inputs/steady_state/forward_model_inputs.csv
inputs/initial_conditions/random/blue_1.0m/random_blue_1.0m_20807690.npy,inputs/steady_state/forward_model_inputs.csv
inputs/initial_conditions/random/blue_1.0m/random_blue_1.0m_68857389.npy,inputs/steady_state/forward_model_inputs.csv
inputs/initial_conditions/random/blue_1.0m/random_blue_1.0m_68144751.npy,inputs/steady_state/forward_model_inputs.csv
inputs/initial_conditions/random/blue_1.0m/random_blue_1.0m_54307562.npy,inputs/steady_state/forward_model_inputs.csv
inputs/initial_conditions/random/blue_1.0m/random_blue_1.0m_5047989.npy,inputs/steady_state/forward_model_inputs.csv
inputs/initial_conditions/random/blue_1.0m/random_blue_1.0m_11774115.npy,inputs/steady_state/forward_model_inputs.csv
inputs/initial_conditions/random/blue_1.0m/random_blue_1.0m_78458062.npy,inputs/steady_state/forward_model_inputs.csv
inputs/initial_conditions/random/blue_1.0m/random_blue_1.0m_14875651.npy,inputs/steady_state/forward_model_inputs.csv
inputs/initial_conditions/random/blue_1.0m/random_blue_1.0m_29.npy,inputs/steady_state/forward_model_inputs.csv
inputs/initial_conditions/random/blue_1.0m/random_blue_1.0m_19535608.npy,inputs/steady_state/forward_model_inputs.csv
inputs/initial_conditions/random/blue_1.0m/random_blue_1.0m_75661924.npy,inputs/steady_state/forward_model_inputs.csv
inputs/initial_conditions/random/blue_1.0m/random_blue_1.0m_85585238.npy,inputs/steady_state/forward_model_inputs.csv
inputs/initial_conditions/random/blue_1.0m/random_blue_1.0m_92061389.npy,inputs/steady_state/forward_model_inputs.csv
inputs/initial_conditions/random/blue_1.0m/random_blue_1.0m_28.npy,inputs/steady_state/forward_model_inputs.csv
inputs/initial_conditions/random/blue_1.0m/random_blue_1.0m_45234608.npy,inputs/steady_state/forward_model_inputs.csv
inputs/initial_conditions/random/blue_1.0m/random_blue_1.0m_81385796.npy,inputs/steady_state/forward_model_inputs.csv
inputs/initial_conditions/random/blue_1.0m/random_blue_1.0m_9288178.npy,inputs/steady_state/forward_model_inputs.csv
inputs/initial_conditions/random/blue_1.0m/random_blue_1.0m_33291371.npy,inputs/steady_state/forward_model_inputs.csv
inputs/initial_conditions/random/blue_1.0m/random_blue_1.0m_86272472.npy,inputs/steady_state/forward_model_inputs.csv
inputs/initial_conditions/random/blue_1.0m/random_blue_1.0m_54528773.npy,inputs/steady_state/forward_model_inputs.csv
inputs/initial_conditions/random/blue_1.0m/random_blue_1.0m_40863098.npy,inputs/steady_state/forward_model_inputs.csv
inputs/initial_conditions/random/blue_1.0m/random_blue_1.0m_13173499.npy,inputs/steady_state/forward_model_inputs.csv
inputs/initial_conditions/random/blue_1.0m/random_blue_1.0m_7955152.npy,inputs/steady_state/forward_model_inputs.csv
inputs/initial_conditions/random/blue_1.0m/random_blue_1.0m_9378558.npy,inputs/steady_state/forward_model_inputs.csv
inputs/initial_conditions/random/blue_1.0m/random_blue_1.0m_49953935.npy,inputs/steady_state/forward_model_inputs.csv
inputs/initial_conditions/random/blue_1.0m/random_blue_1.0m_83373710.npy,inputs/steady_state/forward_model_inputs.csv
inputs/initial_conditions/random/blue_1.0m/random_blue_1.0m_19374575.npy,inputs/steady_state/forward_model_inputs.csv
inputs/initial_conditions/random/blue_1.0m/random_blue_1.0m_4725622.npy,inputs/steady_state/forward_model_inputs.csv
inputs/initial_conditions/random/blue_1.0m/random_blue_1.0m_63569373.npy,inputs/steady_state/forward_model_inputs.csv
inputs/initial_conditions/random/blue_1.0m/random_blue_1.0m_58431048.npy,inputs/steady_state/forward_model_inputs.csv
inputs/initial_conditions/random/blue_1.0m/random_blue_1.0m_81167540.npy,inputs/steady_state/forward_model_inputs.csv
inputs/initial_conditions/random/blue_1.0m/random_blue_1.0m_23964336.npy,inputs/steady_state/forward_model_inputs.csv
inputs/initial_conditions/random/blue_1.0m/random_blue_1.0m_26807635.npy,inputs/steady_state/forward_model_inputs.csv
inputs/initial_conditions/random/blue_1.0m/random_blue_1.0m_28382780.npy,inputs/steady_state/forward_model_inputs.csv
inputs/initial_conditions/random/blue_1.0m/random_blue_1.0m_19000162.npy,inputs/steady_state/forward_model_inputs.csv
inputs/initial_conditions/random/blue_1.0m/random_blue_1.0m_91086612.npy,inputs/steady_state/forward_model_inputs.csv
inputs/initial_conditions/random/blue_1.0m/random_blue_1.0m_15248361.npy,inputs/steady_state/forward_model_inputs.csv
inputs/initial_conditions/random/blue_1.0m/random_blue_1.0m_26554149.npy,inputs/steady_state/forward_model_inputs.csv
inputs/initial_conditions/random/blue_1.0m/random_blue_1.0m_1178582.npy,inputs/steady_state/forward_model_inputs.csv
